Module,Feature,Sub-Feature,Description,Component Type,Technology / Tools,Design Approach,APIs / Endpoints,Data Stores,Dependencies,Security,Performance,Deployment
Gen AI Solution build - Batch Ingestion Process,Document Upload & Parsing,"File ingestion, format detection, content extraction","Ingest enterprise documents (PDF, Word, CSV, HTML, TXT); detect file type, scan for viruses, parse content, and extract raw text for downstream processing",Microservice,"Python, Apache Tika / PyMuPDF / Unstructured.io, Azure Blob SDK, python-docx, pandas","ETL pipeline pattern; file type detection → virus scanning → parsing → metadata extraction → staging; async processing via message queue","POST /api/genai/rag/ingest (single file); POST /api/genai/rag/ingest/batch (bulk); GET /api/genai/rag/ingest/status/{jobId}","Azure Blob Storage (raw documents), PostgreSQL (ingestion job metadata, status tracking)","Blob Storage, Document Chunking Service, message queue (Azure Service Bus / RabbitMQ)","Virus scanning on upload (ClamAV / Azure Defender); file type allowlist (PDF, DOCX, CSV, TXT, HTML, MD); max file size 50MB; PII detection pre-processing","Async processing via worker queue; batch supports up to 100 files; target < 30s per document; horizontal scaling of workers","Kubernetes with separate worker deployment; Azure Service Bus for job queue; auto-scaling workers based on queue depth"
Gen AI Solution build - Batch Ingestion Process,Metadata Extraction,"Title, author, date, source, classification tagging","Extract and store document metadata (title, author, date, source system, classification, tags) during ingestion for downstream filtering and access control",Processing Module,"Python, custom extractors, Apache Tika metadata API","Decorator pattern; metadata extractors registered per file type; custom extractors for enterprise-specific metadata (department, project, confidentiality level)",Internal — called by Document Upload & Parsing service,"PostgreSQL (document_metadata: doc_id, title, author, source, created_date, classification, tags)","Document Upload & Parsing service, enterprise classification systems","Metadata validated against schema; classification levels enforced (Public, Internal, Confidential, Restricted)","Lightweight processing; < 1s per document; metadata cached for frequent lookups",Co-deployed with Document Upload & Parsing service
Gen AI Solution build - Batch Ingestion Process,Document Chunking,"Text splitting, overlap, strategy selection","Split parsed documents into optimally-sized chunks for embedding; support multiple strategies based on document type (recursive character, semantic, sentence-window)",Processing Service,"LangChain Text Splitters, NLTK, tiktoken, custom chunking logic","Strategy pattern; recursive character splitting (default), semantic chunking (for long-form), sentence-window (for Q&A); configurable chunk size (512-1024 tokens) and overlap (50-100 tokens)",Internal service call from Ingestion pipeline,"PostgreSQL (chunk_metadata: chunk_id, source_doc_id, position, chunk_size, overlap, strategy_used)","Document Upload & Parsing service, tokenizer (tiktoken for OpenAI models)","Inherits document-level access controls; PII tagging per chunk; chunk provenance tracking (traceable to source page/section)","Target < 5s per document; batch processing for large docs; chunk size optimized per embedding model (ada-002: 512 tokens)","Co-deployed with Ingestion pipeline; stateless — scales with ingestion workers"
Gen AI Solution build - Batch Ingestion Process,Chunk Enrichment,"Context headers, summaries, hypothetical questions","Enrich chunks with contextual headers, section titles, and parent-document summary for improved retrieval quality; generate hypothetical questions per chunk (HyDE-lite)",Processing Module,"Python, LangChain, LLM Integration Layer","Contextual retrieval pattern; prepend section title + document summary to each chunk; generate hypothetical questions for better semantic matching",Internal — called after Document Chunking,"PostgreSQL (enriched_chunk_metadata: context_header, parent_summary_ref, hypothetical_questions)","Document Chunking service, LLM Integration Layer (for summary generation)","No additional PII risk — enrichment derived from existing content; enrichment content reviewed by guardrails","LLM call for summary amortized across chunks (1 per doc); < 2s per chunk enrichment","Co-deployed with Chunking service; optional — toggled via feature flag"
Gen AI Solution build - Batch Ingestion Process,Vector Embedding Generation,"Batch embedding of chunks, model versioning","Generate vector embeddings for all document chunks in batch mode; write embeddings with metadata to vector database; support embedding model versioning for re-indexing",Microservice,"Azure OpenAI text-embedding-ada-002 / text-embedding-3-small, Cohere Embed v3, sentence-transformers","Batch embedding (up to 2048 inputs per API call); embedding model versioning — track which model generated each embedding; re-indexing pipeline for model upgrades","POST /api/genai/rag/embed/batch (internal); POST /api/genai/rag/reindex (admin); GET /api/genai/rag/index/status",Writes embeddings to Vector Database; PostgreSQL (model_version registry),"LLM Provider embedding endpoint, Document Chunking service","API key management via Azure Key Vault; rate limiting within token quotas (150K tokens/min for ada-002); no raw text stored in embedding service","Batch target < 10s for 100 chunks; adaptive batching based on chunk sizes; re-indexing: background job < 1 hour for 100K chunks","Kubernetes; auto-scaling based on embedding queue depth; separate deployment to isolate embedding workload"
Gen AI Solution build - Batch Ingestion Process,Vector Database — Index Management,"HNSW indexing, metadata schema, index lifecycle","Store and manage document embeddings with metadata for semantic search; configure HNSW indexing; manage index lifecycle (create, update, delete, version swap)",Data Store,"Azure AI Search / Pinecone / pgvector (PostgreSQL extension)","Index per document collection; HNSW algorithm (ef_construction=400, M=16); metadata fields for filtering (source_doc, access_level, tags, timestamp); blue-green index swap for re-indexing","Internal SDK calls — upsert(vectors, metadata), delete(filter); POST /api/genai/rag/index/create (admin)","Vector index with metadata: source_doc_id, chunk_id, timestamp, access_level, tags, embedding_model_version","Embedding Service (writes vectors), Retrieval Service (reads vectors)","Encryption at rest (AES-256); encryption in transit (TLS 1.2+); network isolation via Private Endpoint; index-level access control; metadata-based row-level filtering","Query latency target < 50ms for top-20 results; index size monitoring with alerts at 80% capacity","Managed service (Azure AI Search) or self-hosted (pgvector on Azure PostgreSQL Flexible Server); automated backups; health monitoring"
Gen AI Solution build - Batch Ingestion Process,Vector Database — Hybrid Search Config,"Vector + BM25 fusion, weight tuning","Configure hybrid search combining vector cosine similarity with keyword BM25 search; tune fusion weights for optimal retrieval quality",Configuration,"Azure AI Search Semantic Ranking, custom Reciprocal Rank Fusion (RRF) scorer","RRF to merge vector and keyword results; configurable weights (default: 0.7 vector + 0.3 keyword); optional semantic re-ranking as third stage",Internal — configured at index level,"Vector index (same as above), BM25 inverted index (built-in to Azure AI Search / PostgreSQL full-text search)",Vector Database index,"Search configuration restricted to admin role; query logs retained for search quality analysis","Hybrid search adds < 20ms latency vs. vector-only; RRF merge is O(n) on result set size","Config via admin API or infrastructure-as-code (Terraform/Bicep)"
Gen AI Solution build - Batch Ingestion Process,Ingestion Pipeline Orchestration,"End-to-end pipeline, job tracking, error handling","Orchestrate the full batch ingestion pipeline: upload → parse → chunk → enrich → embed → index; track job status; handle partial failures with retry",Orchestrator,"Python, Azure Durable Functions / Celery / Apache Airflow","Saga pattern for distributed pipeline; each stage is idempotent; failed stages retried independently; job status tracked in PostgreSQL; dead letter queue for permanently failed documents","GET /api/genai/rag/pipeline/status/{jobId}; POST /api/genai/rag/pipeline/retry/{jobId} (admin)","PostgreSQL (pipeline_jobs: job_id, status, stage, documents_total, documents_processed, errors[], started_at, completed_at)","All Batch Ingestion sub-components, message queue (Azure Service Bus)","Pipeline logs audited; failed documents quarantined for manual review; admin-only access to retry/reprocess","End-to-end: < 2 min per document (including embedding); batch of 100 docs: < 30 min; parallel processing across workers","Azure Durable Functions or Celery on Kubernetes; workers auto-scale based on queue depth; dashboard for pipeline health"
Gen AI Solution build - Discoverability solution,Query Preprocessing,"Query expansion, decomposition, reformulation","Preprocess user queries before retrieval — expand with alternative phrasings, decompose complex questions into sub-queries, and apply HyDE (Hypothetical Document Embeddings) for abstract queries",Processing Module,"Python, LangChain, LLM Integration Layer","Query expansion via LLM (generate 2-3 alternative phrasings); query decomposition for multi-part questions; HyDE for vague/abstract queries; original query preserved for audit",Internal — called before Semantic Search,None (stateless),"LLM Integration Layer (for expansion/HyDE), Embedding Service","No user PII in expanded queries; original query preserved for audit trail","LLM call for expansion adds ~500ms; cached expansions for repeated patterns; can be disabled for low-latency mode","Co-deployed with Retrieval Service; feature flag to enable/disable per use case"
Gen AI Solution build - Discoverability solution,Semantic Search & Ranking,"Vector retrieval, re-ranking, MMR diversity","Retrieve relevant document chunks via semantic similarity search over vector database; apply multi-stage re-ranking for precision and diversity",Microservice,"LangChain Retrievers, Cohere Rerank / cross-encoder re-ranker, custom retrieval logic","Multi-stage: Stage 1 — vector similarity (top-50 candidates) → Stage 2 — re-ranking via cross-encoder (top-10) → Stage 3 — MMR (Maximal Marginal Relevance) for diversity","POST /api/genai/rag/query; POST /api/genai/rag/search","Reads from Vector Database; Redis (query result cache)","Vector Database, Embedding Service (query embedding), Re-ranking model (Cohere Rerank API / local cross-encoder)","User-scoped retrieval — only documents matching user's access_level returned; query content not logged in plain text","Stage 1: < 50ms; Stage 2 (re-rank): < 200ms; Stage 3 (MMR): < 10ms; total < 300ms for top-10","Kubernetes; stateless; horizontal scaling; Redis sidecar for query caching"
Gen AI Solution build - Discoverability solution,Context Window Builder,"Token budget, chunk assembly, source attribution","Assemble retrieved chunks into a coherent context window for the LLM prompt; manage token budget across system prompt + history + context + query; generate source citations",Processing Service,"LangChain / LlamaIndex, tiktoken (token counter), custom assembly logic","Token budget allocation: system prompt (fixed) + conversation history (dynamic) + RAG context (dynamic) + user query; fit max relevant context within model limit (128K for GPT-4o); citation format: [Source: doc_name, page X]",Internal — called by Orchestration Service,None (stateless — assembles on-the-fly),"Retrieval Service, Prompt Management Service (prompt template token budget), LLM Integration Layer (model token limits)","Context sanitization — strip PII flagged by guardrails; no cross-tenant data leakage in multi-tenant scenarios; validate chunk access_level","Assembly < 50ms for 20 chunks; pre-computed token counts per chunk to avoid re-counting","Co-deployed with Orchestration Service; stateless — no separate scaling needed"
Gen AI Solution build - Discoverability solution,Citation & Source Tracking,"Reference mapping, clickable citations, verification","Map generated LLM responses back to source documents with numbered references; enable user verification by linking citations to original document + page",Processing Module,"Python, custom citation mapper","Citation injection: numbered refs [1][2] in LLM response; post-processing maps references to (document_name, page, chunk_id); citation metadata returned alongside response","Internal — post-processing after LLM response","PostgreSQL (citation_log: response_id, citations[])","Retrieval Service (chunk-to-document mapping)","Citation links validated — no open redirect; source document access re-verified before serving","< 20ms post-processing; negligible overhead","Co-deployed with Context Assembly; always-on for RAG responses"
Gen AI Solution build - Discoverability solution,GenAI Orchestration Service,"Request routing, model selection, retry logic","Central service that routes all GenAI requests to appropriate downstream services; handles prompt routing, model selection, retry logic, and response assembly",Microservice,"Python FastAPI, LangChain / Semantic Kernel","API Gateway pattern; single entry point for all AI calls; routes based on request type (chat, complete, summarize, search); circuit breaker with exponential backoff; fallback responses for degraded mode","POST /api/genai/complete; POST /api/genai/chat; POST /api/genai/summarize; POST /api/genai/search",None (stateless router),"LLM Integration Layer, Prompt Management, Retrieval Service, Conversation Management, Guardrails","JWT-based authentication; API key management via Azure Key Vault; rate limiting per user/tenant; input validation; error responses sanitized","Async processing with asyncio; connection pooling; horizontal scaling; target latency < 200ms (excluding LLM); circuit breaker: 5 failures → open 30s","Kubernetes (AKS); containerized (Docker); auto-scaling on request volume; blue-green deployment"
Gen AI Solution build - Discoverability solution,LLM Integration Layer,"Provider abstraction, model config, fallback","Abstraction layer over LLM providers (Azure OpenAI, OpenAI, Anthropic); unified interface for generate/embed/stream; dynamic model selection with automatic fallback",SDK / Library,"Azure OpenAI SDK, OpenAI Python SDK, LangChain LLM wrappers","Strategy pattern; unified interface with provider-specific implementations; chain of responsibility for fallback (primary → secondary → degraded); model params (temperature, max_tokens) configurable per feature","Internal SDK — llm_client.generate(), llm_client.embed(), llm_client.stream(); GET /api/genai/config/models (admin)","Azure App Configuration (model configs, feature-model mapping)","Azure OpenAI endpoint / chosen LLM provider","API keys in Azure Key Vault; Private Endpoints for network isolation; key rotation every 90 days; admin-only model config changes","Connection pooling; streaming for long generations; token budget management; failover < 2s; model health checks every 60s","Co-deployed with Orchestration Service as shared library; config-driven model selection"
Gen AI Solution build - Discoverability solution,Prompt Management,"Template versioning, variable substitution, A/B testing","Manage, version, and serve prompt templates; Jinja2-based variable substitution; A/B testing of prompt variants with traffic splitting and quality metric tracking","Microservice + Feature Module","Python FastAPI, Jinja2, PostgreSQL, custom A/B framework","Template engine with variable substitution ({{user_query}}, {{context}}, {{system_instructions}}); version control + rollback; A/B traffic splitting (50/50, 90/10) with auto-promote on confidence threshold","GET /api/genai/prompts/{feature}; PUT /api/genai/prompts/{feature}; POST /api/genai/prompts/{feature}/experiment; GET /api/genai/prompts/{feature}/versions","PostgreSQL (prompt_templates: template_id, feature, version, content, variables, is_active; experiments: experiment_id, variants[], traffic_split, metrics)","GenAI Orchestration Service (consumer), Feedback Service (A/B metrics)","Role-based access: read (all services), write (prompt engineers + admins); audit logging; template content validated for injection patterns","Template retrieval < 10ms (Redis-cached); cache invalidation on update; experiment variant selection O(1) hash-based","Kubernetes; PostgreSQL on Azure Database; Redis cache; migrations via Alembic"
Gen AI Solution build - Discoverability solution,Conversation Management,"Multi-turn history, session persistence, context optimization","Manage multi-turn conversation history; sliding window context with LLM-based summarization of older turns; session persistence via Redis (active) + PostgreSQL (archive)",Microservice,"Python FastAPI, Redis, PostgreSQL, tiktoken","Sliding window: keep last N turns verbatim + summarize older turns; session TTL 30 min; token budget allocation for history vs. RAG context; GDPR-compliant delete support","POST /api/genai/conversations; GET /api/genai/conversations/{id}/history; DELETE /api/genai/conversations/{id}","Redis (active sessions: conversation_id → messages[], ttl=30min), PostgreSQL (conversation_archive: id, user_id, messages_json, timestamps)","GenAI Orchestration Service, LLM Integration Layer (for summarization)","Session isolation per user (Redis key prefix); data encrypted at rest (AES-256) and in transit; retention: 90 days then auto-purge; GDPR delete","Redis < 5ms read/write; PostgreSQL archive < 50ms write; up to 10K concurrent sessions; summarization async < 2s","Redis Cluster (Azure Cache Premium); PostgreSQL (Azure Database); Kubernetes for service layer"
Gen AI Solution build - Discoverability solution,AI Safety — Input Guard,"Prompt injection, PII masking, topic filtering","Pre-processing pipeline applied before all LLM calls: prompt injection detection, PII scanning & masking (via Presidio), content safety check, topic restriction, input length validation",Middleware,"Azure Content Safety API, Presidio (PII detection), custom regex, Guardrails AI","Pipeline: Input → [Length Check] → [Injection Detector] → [PII Scanner & Masker] → [Topic Classifier] → [Content Safety] → Approved/Blocked; each stage can block or transform",Internal middleware — auto-applied before all LLM calls,"PostgreSQL (blocked_requests_log: request_id, reason, timestamp, user_id)","GenAI Orchestration Service, Azure Content Safety API, Presidio NER models","All blocked inputs logged with reason (PII masked in logs); alerts on injection patterns; configurable blocklist/allowlist per feature","< 100ms total; PII detection < 50ms; Content Safety < 100ms (parallel); short-circuit on first block","Co-deployed as middleware in Orchestration Service; Presidio models loaded at startup; Content Safety via Azure managed service"
Gen AI Solution build - Discoverability solution,AI Safety — Output Guard,"Hallucination check, PII scrub, content policy","Post-processing pipeline after all LLM responses: content policy check, PII scrubbing, factual grounding check (compare response vs. RAG sources), hallucination flagging",Middleware,"Azure Content Safety API, custom hallucination checker, Presidio, Guardrails AI","Pipeline: LLM Output → [Content Policy] → [PII Scrubber] → [Grounding Check (cosine similarity vs. source chunks)] → Approved/Flagged; flagged responses replaced with safe fallback",Internal middleware — auto-applied after all LLM responses,"PostgreSQL (flagged_responses_log: response_id, flags[], grounding_score, action_taken)","LLM Integration Layer (output), RAG Context Assembly (source chunks for grounding)","All flagged outputs logged for review; grounding scores tracked; PII scrubbing applied even if Input Guard missed","< 150ms total; grounding check < 100ms; Content Safety < 100ms (parallel)","Co-deployed as middleware in Orchestration Service; grounding check needs RAG source chunks in pipeline context"
Gen AI Solution build - Discoverability solution,AI Safety — Policy Configuration,"Content rules, thresholds, entity config","Configurable safety policies per feature/tenant: content categories, severity thresholds, PII entity types to mask, custom blocklists; hot-reloadable without restart",Configuration,"Python, YAML/JSON policy files, PostgreSQL","Policy-as-config; YAML-defined → loaded at startup → hot-reloadable via admin API; per-feature overrides (stricter PII rules for HR chatbot vs. general search)","GET /api/genai/safety/policies; PUT /api/genai/safety/policies/{feature} (admin)","PostgreSQL (safety_policies: feature, content_categories[], severity_thresholds, pii_entities[], custom_blocklist[])","Admin authorization, Orchestration Service","Admin-only write access; policy changes audited; validation before activation","Policy lookup < 5ms (in-memory cache); hot-reload < 1s","Policies in PostgreSQL; cached in-memory; admin API for updates"
Gen AI Solution build - Discoverability solution,Semantic Caching,"Exact match + similarity cache, TTL management","Two-tier caching: Tier 1 — exact match (hash of prompt + params); Tier 2 — semantic similarity (cosine > 0.95 on query embeddings); reduces LLM API cost and latency",Service Layer,"Redis, GPTCache / custom semantic cache, embedding similarity","Exact hash cache + semantic vector cache in Redis; TTL configurable per feature (default 1 hour); event-driven invalidation on document update, prompt change, or model upgrade","Internal — transparent in Orchestration Service; GET /api/genai/cache/stats (admin); POST /api/genai/cache/invalidate (admin)","Redis Cluster (cache entries: cache_key, response, embedding, ttl, hit_count)","Embedding Service (for semantic key), Orchestration Service, Document Ingestion (invalidation events), Prompt Management (invalidation events)","No PII in cache keys; entries inherit access level of original request; cache poisoning prevention via input validation","Exact match < 1ms; semantic match < 20ms; target hit ratio > 30%; estimated 40% LLM cost reduction","Azure Cache for Redis (Premium with vector search); cache warming on deployment; LRU eviction with TTL"
Gen AI Solution build - Discoverability solution,Telemetry & Structured Logging,"Request logging, token tracking, distributed tracing","Structured logging for every GenAI request: request_id, model, tokens_in/out, latency_ms, status, cache_hit, feature; distributed tracing via OpenTelemetry across all services",Service Layer,"Application Insights / OpenTelemetry, Prometheus, Python structured logging (JSON formatter)","Auto-instrumented via shared middleware; every request → structured log entry; distributed tracing spans across all GenAI services; sampling: 100% for errors, 10% for success in high-traffic",Internal telemetry hooks — auto-instrumented,"Application Insights (log sink), Azure Log Analytics (query/alerting), Prometheus (metrics scraping)","All GenAI services (instrumented via shared middleware)","No PII in logs/metrics; request/response content NOT logged; log retention 90 days; access restricted to ops team","Logging overhead < 5ms per request; async log shipping","OpenTelemetry Collector as sidecar; Application Insights via Azure SDK; Prometheus node exporter per pod"
Gen AI Solution build - Discoverability solution,Dashboards & Alerting,"Usage, cost, quality, health dashboards","Real-time dashboards: (1) Usage — requests/day, tokens consumed; (2) Performance — latency P50/P95/P99, error rate, cache hit; (3) Quality — grounding scores, hallucination flags; (4) Cost — daily/monthly LLM spend by feature/model",Dashboard,"Grafana / Azure Dashboards, Azure Monitor Alerts, PagerDuty","Pre-built dashboard suite; 1-minute refresh; alert rules for anomalies (error rate > 5%, latency P95 > 10s, budget > 80%); PagerDuty integration for P1 alerts","GET /api/genai/metrics (admin); GET /api/genai/metrics/cost (admin)","Azure Monitor (metrics), Grafana (dashboard definitions)","Telemetry & Logging (data source), all GenAI services","Dashboard access restricted to admin/ops; cost data to finance + admin; no PII in dashboards","Dashboard refresh 1-min; alert evaluation every 5 min; historical data up to 90 days","Azure Monitor + Grafana on AKS; alert rules in Terraform; PagerDuty webhook for P1"
Gen AI Solution build - Discoverability solution,Cost Management,"Token cost tracking, budgets, optimization","Track LLM API costs per request; aggregate by feature/model/team/day; budget alerts at 80/90/100% thresholds; optimization recommendations (cheaper model for low-complexity tasks)",Management Module,"Python, Azure Cost Management API, custom cost calculator","Token-based calculation: (tokens_in × input_price + tokens_out × output_price); budget enforcement per feature/team; cost optimization: route low-complexity to GPT-3.5-turbo, high to GPT-4o","GET /api/genai/cost/summary; GET /api/genai/cost/breakdown; POST /api/genai/cost/budget (admin)","PostgreSQL (cost_tracking: date, feature, model, tokens_in, tokens_out, estimated_cost)","Telemetry (token usage), LLM Integration Layer (pricing config)","Cost data restricted to admin + finance; no user-level cost attribution","Batch aggregation every 15 min; budget check per request < 1ms (cached threshold)","Scheduled aggregation job; alerts via Azure Monitor; budget configs in PostgreSQL"
Gen AI Solution build - Discoverability solution,User Feedback Collection,"Thumbs up/down, ratings, corrections","Collect user feedback (thumbs up/down, 1-5 star rating, free-text corrections) per GenAI response; link to response_id for quality tracking and prompt tuning",Microservice,"Python FastAPI, PostgreSQL, Azure Event Hub","Event-driven: user action → feedback event → stored with response_id linkage; daily aggregation for quality scoring; real-time streaming to Event Hub for live dashboards","POST /api/genai/feedback; GET /api/genai/feedback/summary/{feature} (admin); GET /api/genai/feedback/export (admin)","PostgreSQL (feedback: feedback_id, response_id, user_id, rating, correction_text, created_at), Azure Event Hub (streaming)","Orchestration Service (response_id linkage), Conversation Management","Feedback anonymized (user_id hashed); corrections screened for PII; GDPR delete support; admin-only analytics access","Submission < 50ms; daily aggregation < 5 min for 100K records; real-time stream to Event Hub","Kubernetes; PostgreSQL; Event Hub; daily aggregation via Azure Functions"
Gen AI Solution build - Discoverability solution,Quality Analytics & Prompt Tuning,"Satisfaction metrics, prompt optimization, A/B results","Aggregate feedback to identify underperforming prompts; quality scoring (satisfaction rate, correction rate, hallucination rate); feed A/B test results; generate prompt improvement recommendations",Analytics Module,"Python, Pandas, Azure Synapse, Grafana","Daily aggregation: feedback by feature/prompt → quality scores → low-quality alerts → prompt tuning recommendations; A/B experiment results pipeline feeds quality dashboard","GET /api/genai/feedback/analytics (admin); GET /api/genai/feedback/quality-score/{feature}","Azure Synapse (quality_metrics: feature, prompt_version, satisfaction_rate, correction_rate, hallucination_rate, sample_size)","Feedback Collection (raw data), Prompt Management (versions), Monitoring (grounding scores)","Analytics restricted to data science + admin; no individual user data; aggregated only","Daily batch; scores updated overnight; dashboard refresh 24h; ad-hoc queries < 30s","Azure Synapse warehouse; Azure Data Factory pipeline; Grafana quality dashboard"
